Type,English,Chinese,Example,IELTS_Application,Priority
动词短语,account for,"是……的原因；占（比例）","Human activities account for most of the global warming.",Task 2解释原因必备,1
动词短语,come up with,想出；提出,"We need to come up with innovative solutions.",解决方案类高频表达,1
动词短语,due to,由于；因为,"This trend is largely due to increased access to information.",因果关系必备,1
动词短语,address a challenge,应对挑战,"Innovative solutions are needed to address this challenge.",正式搭配替换 deal with,2
动词短语,implement policies,实施政策,"Governments should implement policies based on renewable energy.",政府类话题常用,2
动词短语,conduct studies,进行研究,"Scientists have conducted comprehensive studies.",学术写作描述研究方法,2
动词短语,rely on,依赖；依靠,"Policies should rely on renewable energy sources.",表示依赖关系,2
动词短语,contribute to,"为……做出贡献","Individuals can also contribute by making sustainable choices.",表达积极作用,2
动词短语,raise awareness,提高意识,"Education plays a crucial role in raising awareness.",环境健康类话题,2
词汇,comprehensive,全面的；详尽的,"conducted comprehensive studies","替换: thorough complete extensive",2
词汇,innovative,创新的,"innovative solutions","替换: creative novel inventive",2
词汇,crucial,至关重要的,"plays a crucial role","替换: vital essential critical",1
词汇,compelling,令人信服的,"A compelling case can be made","替换: convincing persuasive cogent",2
词汇,significant,显著的；重要的,"make a significant difference","替换: considerable substantial noteworthy",1
词汇,pressing,紧迫的,"pressing issues of our time","替换: urgent critical",1
雅思表达,"The evidence suggests that...","有证据表明……","The evidence suggests that human activities cause global warming.",Task 2主体段论证,1
雅思表达,"A compelling case can be made for...","有充分理由支持……","A compelling case can be made for teaching environmental science.",7.5+表达,1
雅思表达,"It is widely argued that...","人们普遍认为……","It is widely argued that education plays a crucial role.",引出观点或对立观点,1
雅思表达,"...plays a crucial role in...","……在……中发挥关键作用","Education plays a crucial role in raising awareness.",因素分析高频句型,1
雅思表达,"By working together we can...","通过共同努力我们可以……","By working together we can make a significant difference.",结论段建设性呼吁,2
关键观点,Climate change is one of the most pressing issues of our time,气候变化是我们这个时代最紧迫的问题之一,用于引入环境类话题的开篇陈述,,1
关键观点,"Human activities account for most of the global warming",人类活动是造成全球变暖的主要原因,表达因果关系 account for 是……的原因,,1
关键观点,Innovative solutions are needed to address this challenge,需要创新的解决方案来应对这一挑战,提出解决问题的必要性,,1
关键观点,"Governments should implement policies based on renewable energy",政府应实施基于可再生能源的政策,提出政策建议,,1
关键观点,Individuals can contribute through sustainable daily choices,个人可以通过日常生活中的可持续选择做出贡献,强调个人责任,,2
关键观点,Education plays a crucial role in raising awareness,教育在提高意识方面发挥着关键作用,强调某事物的重要性,,1
关键观点,Teaching environmental science in schools is necessary,在学校教授环境科学是必要的,提出教育改革建议,,2
关键观点,Collective action can make a significant difference,集体行动可以产生重大影响,总结性陈述呼吁合作,,2
搭配,conduct comprehensive studies,进行全面研究,"Scientists have conducted comprehensive studies",学术写作描述研究方法,2
搭配,make sustainable choices,做出可持续选择,"making sustainable choices in their daily lives",个人行为类话题,2
搭配,play a crucial role,发挥关键作用,"Education plays a crucial role in raising awareness",表达重要性高频句型,1
搭配,make a compelling case,提出令人信服的理由,"A compelling case can be made for...",议论文论证高分表达,2
搭配,make a significant difference,产生重大影响,"make a significant difference for future generations",表达效果和影响,2
主题词,climate change,气候变化,"address climate change",环境类话题核心词汇,1
主题词,global warming,全球变暖,"contribute to global warming",因果关系论述,1
主题词,renewable energy,可再生能源,"policies based on renewable energy",解决方案类话题,1
主题词,sustainable choices,可持续选择,"making sustainable choices",个人责任类论证,1
主题词,environmental science,环境科学,"teaching environmental science",教育类话题,2
主题词,pressing issues,紧迫问题,"most pressing issues of our time",Task 2开头段引入话题,1
